{
  "algorithms": {
    "ed25519": 69.66723923548503,
    "gost256_paramset_a": 1136.9571946881092,
    "gost256_paramset_b": 1129.051437044025,
    "gost256_paramset_c": 1133.2518687687689,
    "gost512_paramset_a": 8944.392375,
    "gost512_paramset_b": 8963.600666666667,
    "secp256k1": 160.53432015207014
  }
}
