{"mean":{"confidence_interval":{"confidence_level":0.95,"lower_bound":-0.22191564954294926,"upper_bound":-0.009254857747671881},"point_estimate":-0.12834424428856783,"standard_error":0.05424508896373507},"median":{"confidence_interval":{"confidence_level":0.95,"lower_bound":-0.33412594994960443,"upper_bound":-0.2695958416265938},"point_estimate":-0.30548513121702103,"standard_error":0.01673306268643428}}