{"mean":{"confidence_interval":{"confidence_level":0.95,"lower_bound":-0.011089119830104476,"upper_bound":0.21397794112435373},"point_estimate":0.09317963162165466,"standard_error":0.05716833976575349},"median":{"confidence_interval":{"confidence_level":0.95,"lower_bound":0.0000423073396282069,"upper_bound":0.10002710835807949},"point_estimate":0.0009402665030944224,"standard_error":0.027098278903874326}}