{"mean":{"confidence_interval":{"confidence_level":0.95,"lower_bound":0.09474743819311832,"upper_bound":0.332290800592951},"point_estimate":0.19799204860535302,"standard_error":0.06031666885187141},"median":{"confidence_interval":{"confidence_level":0.95,"lower_bound":0.0002787214114685632,"upper_bound":0.002343177912127903},"point_estimate":0.0012516953465731007,"standard_error":0.0026424519561243863}}