{"mean":{"confidence_interval":{"confidence_level":0.95,"lower_bound":-0.2636230713419126,"upper_bound":-0.010590696132292259},"point_estimate":-0.14719527412488576,"standard_error":0.06475556038356876},"median":{"confidence_interval":{"confidence_level":0.95,"lower_bound":-0.29815114465067055,"upper_bound":0.0002832581572198567},"point_estimate":-0.21297865721355647,"standard_error":0.08562928899697436}}