{"mean":{"confidence_interval":{"confidence_level":0.95,"lower_bound":0.379969852580593,"upper_bound":0.8253669374463026},"point_estimate":0.5765434568466918,"standard_error":0.11434076021168112},"median":{"confidence_interval":{"confidence_level":0.95,"lower_bound":0.06394763678044625,"upper_bound":0.9434607096605747},"point_estimate":0.6505900985671818,"standard_error":0.201935740408599}}