{"mean":{"confidence_interval":{"confidence_level":0.95,"lower_bound":-0.08957554491697085,"upper_bound":0.046198237216659575},"point_estimate":-0.024356070801570207,"standard_error":0.03453545415858585},"median":{"confidence_interval":{"confidence_level":0.95,"lower_bound":-0.004917327549777362,"upper_bound":-0.0022299690402951544},"point_estimate":-0.0033629640538705985,"standard_error":0.0027457436071326503}}