{"mean":{"confidence_interval":{"confidence_level":0.95,"lower_bound":0.039259079312454946,"upper_bound":0.11845381539020552},"point_estimate":0.0797701063618359,"standard_error":0.020727378108391183},"median":{"confidence_interval":{"confidence_level":0.95,"lower_bound":-0.004916613439377104,"upper_bound":0.025380992443471584},"point_estimate":-0.0035283440764883878,"standard_error":0.006297506396450551}}