{"mean":{"confidence_interval":{"confidence_level":0.95,"lower_bound":0.16240726699859231,"upper_bound":0.8462198764960793},"point_estimate":0.44823181161462733,"standard_error":0.17113790753538885},"median":{"confidence_interval":{"confidence_level":0.95,"lower_bound":-0.3049914790716943,"upper_bound":0.5421037819403052},"point_estimate":0.03211584833955339,"standard_error":0.20969406929716652}}