{"mean":{"confidence_interval":{"confidence_level":0.95,"lower_bound":-0.3754907219648345,"upper_bound":-0.06113482052799134},"point_estimate":-0.23047320990612197,"standard_error":0.08071591610997617},"median":{"confidence_interval":{"confidence_level":0.95,"lower_bound":-0.0032630580246744145,"upper_bound":0.14970858038178858},"point_estimate":0.07962056232694281,"standard_error":0.05695839644585571}}