{"mean":{"confidence_interval":{"confidence_level":0.95,"lower_bound":-0.412052795045656,"upper_bound":-0.11918233303732832},"point_estimate":-0.2791681729997607,"standard_error":0.07487577007726391},"median":{"confidence_interval":{"confidence_level":0.95,"lower_bound":-0.5004741008241018,"upper_bound":-0.2135795073754031},"point_estimate":-0.367143529975963,"standard_error":0.0783612251313813}}